id,business_id,ewallet_payment_id,ewallet_connector_id,transaction_amount,fees_paid_amount,vat_paid_amount,vat_rate,billing_amount,billing_rate,billing_charge_type,external_id,transaction_date,currency,ewallet_type,transaction_type,holding_transaction_id,redeemed_transaction_id,direct_transfer_transaction_id,status,created_at,updated_at,payment_object,settlement_timestamp,holding_reversal_transaction_id,is_t_4_transaction,replicated_to_v_2,dt
a742ccb7-3564-44d9-acb1-96700ecec490,6012eba3e29d3d060306c50d,a814b54f-90ff-4df2-a54c-ccfd443870f9,c3bfabtnvkondedc6rc0,85700.00,1285.00,0.00,0.000,1285.00,0.015,PERCENTAGE,P162470020611526517,2021-06-26 09:37:13.310,IDR,ID_SHOPEEPAY,API,ac6fba8f-7029-43f2-bcbf-5442c2dcd9da,f0ddc175-589d-41a5-99ba-32e111773ab7,ef2a2bcf-d458-4480-97aa-d621232ef8ec,COMPLETED,2021-06-26 09:37:14.907,2021-06-28 09:37:50.389,"{""id"": ""a814b54f-90ff-4df2-a54c-ccfd443870f9"", ""amount"": ""85700"", ""status"": ""SUCCEEDED"", ""paid_at"": ""2021-06-26T09:37:13.31Z"", ""currency"": ""IDR"", ""business_id"": ""6012eba3e29d3d060306c50d"", ""external_id"": ""P162470020611526517"", ""ewallet_type"": ""ID_SHOPEEPAY"", ""payment_mode"": ""DIRECT"", ""transaction_type"": ""DIRECT"", ""partner_receipt_id"": ""065473718816609929"", ""connector_reference_id"": ""c3bfabtnvkondedc6rc0""}",2021-06-28 09:37:13.310,,False,True,2021-06-26
a89df47b-3532-4ead-8d1e-ac36f9fbfc4b,6012eba3e29d3d060306c50d,efba7da4-adde-4a35-8724-c4d92f45def0,c3bfa72dr98m6a90mkm0,3100.00,46.00,0.00,0.000,46.00,0.015,PERCENTAGE,P162470018742151101,2021-06-26 09:36:47.381,IDR,ID_SHOPEEPAY,API,062b82f4-c9f9-4749-a562-5e4f78f371a1,ac75b370-33bf-45d0-b8e7-508c09d13761,133acdc8-7f03-4fb5-b32f-ec5b1e75f585,COMPLETED,2021-06-26 09:36:48.989,2021-06-28 09:37:47.397,"{""id"": ""efba7da4-adde-4a35-8724-c4d92f45def0"", ""amount"": ""3100"", ""status"": ""SUCCEEDED"", ""paid_at"": ""2021-06-26T09:36:47.381Z"", ""currency"": ""IDR"", ""business_id"": ""6012eba3e29d3d060306c50d"", ""external_id"": ""P162470018742151101"", ""ewallet_type"": ""ID_SHOPEEPAY"", ""payment_mode"": ""DIRECT"", ""transaction_type"": ""DIRECT"", ""partner_receipt_id"": ""000027069923099924"", ""connector_reference_id"": ""c3bfa72dr98m6a90mkm0""}",2021-06-28 09:36:47.381,,False,True,2021-06-26
ac182d3a-223f-49ef-8e9f-926d96c907cd,6012eba3e29d3d060306c50d,44919027-f122-4fa6-91e1-5b719a4b1727,c3bfa86409hhehq54cfg,19300.00,289.00,0.00,0.000,289.00,0.015,PERCENTAGE,P162470019125289459,2021-06-26 09:36:57.328,IDR,ID_SHOPEEPAY,API,c8776d7b-aac3-4706-9d29-8216817f01c4,b0c05880-ca36-4035-94be-1599fd2c0565,17ffd286-4169-4c45-a871-dae17202bd9b,COMPLETED,2021-06-26 09:36:59.183,2021-06-28 09:37:47.873,"{""id"": ""44919027-f122-4fa6-91e1-5b719a4b1727"", ""amount"": ""19300"", ""status"": ""SUCCEEDED"", ""paid_at"": ""2021-06-26T09:36:57.328Z"", ""currency"": ""IDR"", ""business_id"": ""6012eba3e29d3d060306c50d"", ""external_id"": ""P162470019125289459"", ""ewallet_type"": ""ID_SHOPEEPAY"", ""payment_mode"": ""DIRECT"", ""transaction_type"": ""DIRECT"", ""partner_receipt_id"": ""061503382339179542"", ""connector_reference_id"": ""c3bfa86409hhehq54cfg""}",2021-06-28 09:36:57.328,,False,True,2021-06-26
8302bab2-5cb2-4bad-be14-d71257280fd3,60be10e7d41bc140a2a27a13,fc5258e8-eebf-4a42-b4fc-6cca9b4d0856,pNRtzbnVy4YovTu,99000.00,691.00,62.00,0.100,629.00,0.006,PERCENTAGE,3a378abb-21ba-4598-ad1c-7764211fc151,2021-06-26 09:36:48.000,IDR,QRIS,API,6614f36f-6f1c-4865-9c1a-a7079d1ce0d6,d04c3f3d-e429-467e-9796-76288ae0d415,6a473bfe-bf6c-4301-a482-a3bf28bdacfe,COMPLETED,2021-06-26 09:36:39.209,2021-06-28 09:37:44.684,"{""id"": ""fc5258e8-eebf-4a42-b4fc-6cca9b4d0856"", ""amount"": ""99000"", ""status"": ""COMPLETED"", ""currency"": ""IDR"", ""created_at"": ""2021-06-26T09:36:37.979Z"", ""business_id"": ""60be10e7d41bc140a2a27a13"", ""external_id"": ""3a378abb-21ba-4598-ad1c-7764211fc151"", ""ewallet_type"": ""QRIS"", ""phone_number"": ""9360091400002251445"", ""qris_terminal_id"": ""pNRtzbnVy4YovTu"", ""transaction_date"": ""2021-06-26T09:36:48.000Z"", ""transaction_type"": ""DIRECT"", ""merchant_callback_url"": ""https://invoice-service.tidnex.com/invoices/payment/qris""}",2021-06-28 09:36:48.000,,False,False,2021-06-26
c940781d-1c6a-4210-9bce-adb33bc25284,60d6e5982a193b7b9dcb7bf3,f8065620-d873-4696-a1ff-ac7188bd3dae,6UZh2gJxAiRgGIy,28600.00,199.00,18.00,0.100,181.00,0.006,PERCENTAGE,bd915ed5-63fa-401a-b18d-7ebd4d5d93b6,2021-06-26 09:36:39.000,IDR,QRIS,API,910e3023-36df-4950-9652-5bdf723b4b77,a11672a4-5af6-446e-80a6-a61b6e77baaa,265dd17e-99be-4c8e-9217-f1c54e68832f,COMPLETED,2021-06-26 09:36:29.827,2021-06-28 09:37:45.128,"{""id"": ""f8065620-d873-4696-a1ff-ac7188bd3dae"", ""amount"": ""28600"", ""status"": ""COMPLETED"", ""currency"": ""IDR"", ""created_at"": ""2021-06-26T09:36:28.584Z"", ""business_id"": ""60d6e5982a193b7b9dcb7bf3"", ""external_id"": ""bd915ed5-63fa-401a-b18d-7ebd4d5d93b6"", ""ewallet_type"": ""QRIS"", ""phone_number"": ""9360091800475433915"", ""qris_terminal_id"": ""6UZh2gJxAiRgGIy"", ""transaction_date"": ""2021-06-26T09:36:39.000Z"", ""transaction_type"": ""DIRECT"", ""merchant_callback_url"": ""https://invoice-service.tidnex.com/invoices/payment/qris""}",2021-06-28 09:36:39.000,,False,False,2021-06-26
a626d996-c449-47a0-acb1-4624e9f2280e,5f4e1c980ef5b44adfd7150d,d6345c37-a349-4481-9aca-d957fc85f188,54d2b209-73c2-46fc-bb71-01a69234e758,23000.00,379.00,34.00,0.100,345.00,0.015,PERCENTAGE,UA2EM-7LOE110UKL-1624700195161,2021-06-26 09:36:52.187,IDR,OVO,API,39d366c0-977f-452b-a97c-50e33df58b06,8573d9ef-13b2-44af-b7d0-8203b989bedb,5ac9e2dd-d6d2-4634-b176-f7d815e48676,COMPLETED,2021-06-26 09:36:53.428,2021-06-28 09:37:45.137,"{""id"": ""d6345c37-a349-4481-9aca-d957fc85f188"", ""amount"": ""23000"", ""basket"": null, ""status"": ""COMPLETED"", ""currency"": ""IDR"", ""metadata"": {""transaction_type"": ""userapp_shipment""}, ""voided_at"": null, ""created_at"": ""2021-06-26T09:36:44.185Z"", ""updated_at"": ""2021-06-26T09:36:52.211Z"", ""business_id"": ""5f4e1c980ef5b44adfd7150d"", ""customer_id"": null, ""external_id"": ""UA2EM-7LOE110UKL-1624700195161"", ""callback_url"": ""https://api.paxel.co/apg/api/v1/payment/xendit/notification"", ""connector_id"": ""54d2b209-73c2-46fc-bb71-01a69234e758"", ""ewallet_type"": ""OVO"", ""failure_code"": null, ""replicated_to_v2"": false, ""transaction_date"": ""2021-06-26T09:36:52.187Z"", ""transaction_type"": ""API"", ""account_information"": ""085715035920"", ""ewallet_api_version"": ""ewallet-v2""}",2021-06-28 09:36:52.187,,False,False,2021-06-26
7357d250-3c4a-4146-85e1-51b7b4edf3fe,607e4223d8bcaa05913874f0,1dfb3219-be22-4e2f-b2d1-e4eb1b3cae28,AdI6Zc2wgGDnymA,38852.00,271.00,24.00,0.100,247.00,0.006,PERCENTAGE,b510c023-85b1-49f9-895f-34ca849d9db1,2021-06-26 09:36:43.000,IDR,QRIS,API,b04f7bc1-db32-417c-8f19-b87b152e0d68,8e2981d2-e0c6-4d57-95b4-26cb1aeba14a,586d2043-945d-43c0-ba98-eb28b2cc70b3,COMPLETED,2021-06-26 09:36:33.726,2021-06-28 09:37:45.165,"{""id"": ""1dfb3219-be22-4e2f-b2d1-e4eb1b3cae28"", ""amount"": ""38852"", ""status"": ""COMPLETED"", ""currency"": ""IDR"", ""created_at"": ""2021-06-26T09:36:32.466Z"", ""business_id"": ""607e4223d8bcaa05913874f0"", ""external_id"": ""b510c023-85b1-49f9-895f-34ca849d9db1"", ""ewallet_type"": ""QRIS"", ""phone_number"": ""9360091800475421984"", ""qris_terminal_id"": ""AdI6Zc2wgGDnymA"", ""transaction_date"": ""2021-06-26T09:36:43.000Z"", ""transaction_type"": ""DIRECT"", ""merchant_callback_url"": ""https://invoice-service.tidnex.com/invoices/payment/qris""}",2021-06-28 09:36:43.000,,False,False,2021-06-26
364c1e61-9028-40c5-9301-d6bb14638024,5f2b9dd71bafca297f40659e,d7e12d00-6670-47d8-aca1-6473d6073e96,FCrmW9igu6Njen5,23500.00,163.00,14.00,0.100,149.00,0.006,PERCENTAGE,IDW31600715413,2021-06-26 09:36:49.000,IDR,QRIS,API,603e98a4-3bee-4249-8f97-031f0f729b64,4e7c09b4-3320-4750-b494-7caab283b352,4f9a20d8-dbb6-410e-8f51-aa6d0dcb579a,COMPLETED,2021-06-26 09:36:51.004,2021-06-28 09:37:45.842,"{""id"": ""d7e12d00-6670-47d8-aca1-6473d6073e96"", ""amount"": ""23500"", ""status"": ""COMPLETED"", ""currency"": ""IDR"", ""created_at"": ""2021-06-26T09:36:49.647Z"", ""business_id"": ""5f2b9dd71bafca297f40659e"", ""external_id"": ""IDW31600715413"", ""ewallet_type"": ""QRIS"", ""phone_number"": ""9360001410491190665"", ""qris_terminal_id"": ""FCrmW9igu6Njen5"", ""transaction_date"": ""2021-06-26T09:36:49.000Z"", ""transaction_type"": ""DIRECT"", ""merchant_callback_url"": ""https://prod01.socashapp.io/api/collect/87e8cc83-d168-414e-98cf-59c2a5e61b64/events""}",2021-06-28 09:36:49.000,,False,False,2021-06-26
689a93bc-6eaa-4b85-892a-85579e9bd4da,5fc89b828c3f5a408eef8f78,b537b07d-ff8d-4c3e-9366-1acb0d75c113,7OQRYcr2l4W0Vlm,20140.00,140.00,12.00,0.100,128.00,0.006,PERCENTAGE,O2XE2021062618100176,2021-06-26 09:36:42.000,IDR,QRIS,API,671909b9-a83c-4e22-914b-82db9aaad568,ebda2209-97dd-413c-b250-1f6ed3024756,e7329d9e-fff6-4a6e-a1c1-6cd6f2de2252,COMPLETED,2021-06-26 09:36:43.813,2021-06-28 09:37:45.892,"{""id"": ""b537b07d-ff8d-4c3e-9366-1acb0d75c113"", ""amount"": ""20140"", ""status"": ""COMPLETED"", ""currency"": ""IDR"", ""created_at"": ""2021-06-26T09:36:42.460Z"", ""business_id"": ""5fc89b828c3f5a408eef8f78"", ""external_id"": ""O2XE2021062618100176"", ""ewallet_type"": ""QRIS"", ""phone_number"": ""9360001410491190400"", ""qris_terminal_id"": ""7OQRYcr2l4W0Vlm"", ""transaction_date"": ""2021-06-26T09:36:42.000Z"", ""transaction_type"": ""DIRECT"", ""merchant_callback_url"": ""https://www.sec2pay.com/secure/callback/xendit999999""}",2021-06-28 09:36:42.000,,False,False,2021-06-26
c9ba4213-54b7-4059-9f05-ff57324b8072,60b67dcfaf6ba7410f1ac98f,9a3d5df2-122a-4127-a5d2-b9b69b05329b,HL8j4Pz1H48NmoU,177859.00,1244.00,113.00,0.100,1131.00,0.006,PERCENTAGE,emilystore.id.673187,2021-06-26 09:36:36.000,IDR,QRIS,API,c525618d-b8da-4bc2-9d10-6392d19d5c76,89c0811a-7ddb-45c2-91d9-8571351d4b83,0fa1a2d0-8289-4d33-a645-41625bbf1351,COMPLETED,2021-06-26 09:36:27.157,2021-06-28 09:37:45.928,"{""id"": ""9a3d5df2-122a-4127-a5d2-b9b69b05329b"", ""amount"": ""177859"", ""status"": ""COMPLETED"", ""currency"": ""IDR"", ""created_at"": ""2021-06-26T09:36:25.729Z"", ""business_id"": ""60b67dcfaf6ba7410f1ac98f"", ""external_id"": ""emilystore.id.673187"", ""ewallet_type"": ""QRIS"", ""phone_number"": ""9360001410491189501"", ""qris_terminal_id"": ""HL8j4Pz1H48NmoU"", ""transaction_date"": ""2021-06-26T09:36:36.000Z"", ""transaction_type"": ""DIRECT"", ""merchant_callback_url"": ""https://api-dev.dremonereload.com/callback/v1/xendit""}",2021-06-28 09:36:36.000,,False,False,2021-06-26
efb61b2b-62bc-45ed-82d0-fcbc82de50da,5e5f9deed4143e1316c073e1,837a40a7-d5b2-481f-86cc-def8c103e5d9,1aa3f2b8-441b-44e2-9421-30c22e0fda6f,25000.00,825.00,75.00,0.100,750.00,0.030,PERCENTAGE,0aa9425d-30a9-4f53-b4e3-b1b7c48a9e27,2021-06-26 09:36:38.802,IDR,OVO,API,aa595232-5173-40db-9d64-cd367453a714,13513cee-db86-48f9-a59c-471a07c0f14a,a4b8bb33-b379-47e3-a2e2-5551735a532e,COMPLETED,2021-06-26 09:36:40.178,2021-06-28 09:37:45.962,"{""id"": ""837a40a7-d5b2-481f-86cc-def8c103e5d9"", ""amount"": ""25000"", ""basket"": null, ""status"": ""COMPLETED"", ""currency"": ""IDR"", ""metadata"": null, ""voided_at"": null, ""created_at"": ""2021-06-26T09:36:34.738Z"", ""updated_at"": ""2021-06-26T09:36:38.825Z"", ""business_id"": ""5e5f9deed4143e1316c073e1"", ""customer_id"": null, ""external_id"": ""0aa9425d-30a9-4f53-b4e3-b1b7c48a9e27"", ""callback_url"": ""https://api.saweria.co/notification/xendit"", ""connector_id"": ""1aa3f2b8-441b-44e2-9421-30c22e0fda6f"", ""ewallet_type"": ""OVO"", ""failure_code"": null, ""replicated_to_v2"": false, ""transaction_date"": ""2021-06-26T09:36:38.802Z"", ""transaction_type"": ""API"", ""account_information"": ""081291210437"", ""ewallet_api_version"": ""ewallet-v1""}",2021-06-28 09:36:38.802,,False,False,2021-06-26
9fbfad38-6712-4cf8-a380-ba78daf1b4cc,5ed75ee8f4563f739fc38a08,6086db4e-7ec5-4ec7-b956-54aa2013b4a4,6b8f7a0c-d898-4bc8-9a5b-65c1261e5c75,50000.00,825.00,75.00,0.100,750.00,0.015,PERCENTAGE,mango-XENDIT-PAY-12337528,2021-06-26 09:36:44.257,IDR,OVO,API,1f9eccbd-763d-4b8c-80a0-3ae9da9d45b0,914518c1-c397-4213-9f6a-ff66f87adad6,a7c19c0c-be6f-4cfa-b1ad-20d0a5268873,COMPLETED,2021-06-26 09:36:45.655,2021-06-28 09:37:45.981,"{""id"": ""6086db4e-7ec5-4ec7-b956-54aa2013b4a4"", ""amount"": ""50000"", ""basket"": null, ""status"": ""COMPLETED"", ""currency"": ""IDR"", ""metadata"": null, ""voided_at"": null, ""created_at"": ""2021-06-26T09:36:37.616Z"", ""updated_at"": ""2021-06-26T09:36:44.286Z"", ""business_id"": ""5ed75ee8f4563f739fc38a08"", ""customer_id"": null, ""external_id"": ""mango-XENDIT-PAY-12337528"", ""callback_url"": ""https://ccb.mangolive.in/chargeback/xenditpay"", ""connector_id"": ""6b8f7a0c-d898-4bc8-9a5b-65c1261e5c75"", ""ewallet_type"": ""OVO"", ""failure_code"": null, ""replicated_to_v2"": false, ""transaction_date"": ""2021-06-26T09:36:44.257Z"", ""transaction_type"": ""API"", ""account_information"": ""081294325991"", ""ewallet_api_version"": ""ewallet-v1""}",2021-06-28 09:36:44.257,,False,False,2021-06-26
d62bc002-dc1a-4a86-9301-e15a4352cfd4,5d0208061c7ccb560ded3609,8b63c883-0226-4140-936a-62af2ac0a052,32e6ff1b-e803-4f80-b8fd-83dd6f68f1ca,10000.00,385.00,35.00,0.100,350.00,0.035,PERCENTAGE,PCHLP2580072822775275584,2021-06-26 09:36:41.438,IDR,OVO,API,e5871f75-1b5d-4985-ae50-a9d9fd5fd72e,008806e7-2ff0-48d7-b8d8-1066178ed611,3efae04e-9d0f-46ed-a3d4-9ae061c6b744,COMPLETED,2021-06-26 09:36:42.844,2021-06-28 09:37:46.033,"{""id"": ""8b63c883-0226-4140-936a-62af2ac0a052"", ""amount"": ""10000"", ""basket"": null, ""status"": ""COMPLETED"", ""currency"": ""IDR"", ""metadata"": null, ""voided_at"": null, ""created_at"": ""2021-06-26T09:36:28.624Z"", ""updated_at"": ""2021-06-26T09:36:41.462Z"", ""business_id"": ""5d0208061c7ccb560ded3609"", ""customer_id"": null, ""external_id"": ""PCHLP2580072822775275584"", ""callback_url"": ""https://pay-gate.shareitpay.in/in-pay-channel/c/xendit/payment/wallet/ovo/callback"", ""connector_id"": ""32e6ff1b-e803-4f80-b8fd-83dd6f68f1ca"", ""ewallet_type"": ""OVO"", ""failure_code"": null, ""replicated_to_v2"": false, ""transaction_date"": ""2021-06-26T09:36:41.438Z"", ""transaction_type"": ""API"", ""account_information"": ""085781333838"", ""ewallet_api_version"": ""ewallet-v1""}",2021-06-28 09:36:41.438,,False,False,2021-06-26
884f4864-3ee1-484e-b50f-e9d08a99e318,607b97402b75ff0552ec498d,3c88b901-093d-4909-9a46-16f172f84988,gqtssKdnD9ct8VT,250000.00,1749.00,159.00,0.100,1590.00,0.006,PERCENTAGE,7322df4d-6188-4a6d-a7d3-b9800420efa1,2021-06-26 09:36:58.000,IDR,QRIS,API,3f902da0-9973-47d6-be4a-bbf834622214,92ba7e64-2ebd-482c-a330-d747bdbcdde0,11b53761-2a95-4fee-a2e8-78aa5d57f461,COMPLETED,2021-06-26 09:37:00.242,2021-06-28 09:37:46.443,"{""id"": ""3c88b901-093d-4909-9a46-16f172f84988"", ""amount"": ""250000"", ""status"": ""COMPLETED"", ""currency"": ""IDR"", ""created_at"": ""2021-06-26T09:36:58.985Z"", ""business_id"": ""607b97402b75ff0552ec498d"", ""external_id"": ""7322df4d-6188-4a6d-a7d3-b9800420efa1"", ""ewallet_type"": ""QRIS"", ""phone_number"": ""9360091400001719944"", ""qris_terminal_id"": ""gqtssKdnD9ct8VT"", ""transaction_date"": ""2021-06-26T09:36:58.000Z"", ""transaction_type"": ""DIRECT"", ""merchant_callback_url"": ""https://invoice-service.tidnex.com/invoices/payment/qris""}",2021-06-28 09:36:58.000,,False,False,2021-06-26
f4b6ff69-c16a-4f94-92bd-9bade54fc5ff,6050a867c326d1411a87b4f7,aab36e84-6570-4203-82cb-37e9f8b10632,8K2fpUj8mPiaYKM,500000.00,3498.00,318.00,0.100,3180.00,0.006,PERCENTAGE,e19d286e-4b65-416b-9cb6-8e30c901f9c8,2021-06-26 09:37:02.000,IDR,QRIS,API,51642846-edae-4da5-9503-ab24a89b2c5a,a26ec571-263d-430e-b8a0-6e30bb721b93,b1b9522a-4288-4379-b4a6-bb591bd66538,COMPLETED,2021-06-26 09:37:03.521,2021-06-28 09:37:46.451,"{""id"": ""aab36e84-6570-4203-82cb-37e9f8b10632"", ""amount"": ""500000"", ""status"": ""COMPLETED"", ""currency"": ""IDR"", ""created_at"": ""2021-06-26T09:37:02.296Z"", ""business_id"": ""6050a867c326d1411a87b4f7"", ""external_id"": ""e19d286e-4b65-416b-9cb6-8e30c901f9c8"", ""ewallet_type"": ""QRIS"", ""phone_number"": ""9360091400002056006"", ""qris_terminal_id"": ""8K2fpUj8mPiaYKM"", ""transaction_date"": ""2021-06-26T09:37:02.000Z"", ""transaction_type"": ""DIRECT"", ""merchant_callback_url"": ""https://invoice-service.tidnex.com/invoices/payment/qris""}",2021-06-28 09:37:02.000,,False,False,2021-06-26
8bdbf91c-890f-4dce-8362-53e27ec2672e,5f1908ca91ec410f8f7a7dd0,ca32a5ce-ed73-4e12-bc05-2b5c44aac1d3,2b2cebec-8358-42ac-800f-a6fe16fa6673,30700.00,506.00,46.00,0.100,460.00,0.015,PERCENTAGE,ALHD20210626019557YN,2021-06-26 09:36:55.798,IDR,OVO,API,e86a8ab6-6879-4bf6-9f82-5ba83945c46c,b835ba8f-34b8-4366-81a8-e8f88b605f1c,bbae4eff-f015-4fa1-9985-371254005a79,COMPLETED,2021-06-26 09:36:57.075,2021-06-28 09:37:46.517,"{""id"": ""ca32a5ce-ed73-4e12-bc05-2b5c44aac1d3"", ""amount"": ""30700"", ""basket"": null, ""status"": ""COMPLETED"", ""currency"": ""IDR"", ""metadata"": null, ""voided_at"": null, ""created_at"": ""2021-06-26T09:36:43.269Z"", ""updated_at"": ""2021-06-26T09:36:55.825Z"", ""business_id"": ""5f1908ca91ec410f8f7a7dd0"", ""customer_id"": null, ""external_id"": ""ALHD20210626019557YN"", ""callback_url"": ""https://payment.wehelpyou.xyz/webhook/xendit/notification"", ""connector_id"": ""2b2cebec-8358-42ac-800f-a6fe16fa6673"", ""ewallet_type"": ""OVO"", ""failure_code"": null, ""replicated_to_v2"": false, ""transaction_date"": ""2021-06-26T09:36:55.798Z"", ""transaction_type"": ""API"", ""account_information"": ""081211246656"", ""ewallet_api_version"": ""ewallet-v2""}",2021-06-28 09:36:55.798,,False,False,2021-06-26
b58c91c0-a5c5-4390-8ae6-fbc33c0e4d95,60d57c26e3216479e2b42114,b149d31a-35dd-44bc-98fc-613870228d1d,Tp4IhYlCO452zs3,500000.00,3498.00,318.00,0.100,3180.00,0.006,PERCENTAGE,93afe8c1-1c67-43d3-8264-62c90bdf372e,2021-06-26 09:37:04.000,IDR,QRIS,API,8fcd945e-3f7a-4c81-9a60-1347d45f3607,4318f20e-9341-4e01-a1f2-698b2e81ab0c,ea35987f-98c3-4a20-9164-69ff539c55aa,COMPLETED,2021-06-26 09:37:06.162,2021-06-28 09:37:46.551,"{""id"": ""b149d31a-35dd-44bc-98fc-613870228d1d"", ""amount"": ""500000"", ""status"": ""COMPLETED"", ""currency"": ""IDR"", ""created_at"": ""2021-06-26T09:37:04.917Z"", ""business_id"": ""60d57c26e3216479e2b42114"", ""external_id"": ""93afe8c1-1c67-43d3-8264-62c90bdf372e"", ""ewallet_type"": ""QRIS"", ""phone_number"": ""9360091400002438921"", ""qris_terminal_id"": ""Tp4IhYlCO452zs3"", ""transaction_date"": ""2021-06-26T09:37:04.000Z"", ""transaction_type"": ""DIRECT"", ""merchant_callback_url"": ""https://invoice-service.tidnex.com/invoices/payment/qris""}",2021-06-28 09:37:04.000,,False,False,2021-06-26
4487d9c5-e7ee-43fb-a921-4dc9efc49c15,60952bfa1f3cc32c89e45d37,adea8aaf-db25-43c8-84c6-965bd6963b49,ZkKUBZn8XsQ6rVd,25760.00,179.00,16.00,0.100,163.00,0.006,PERCENTAGE,501d80d9-b49a-4afc-bccc-67e487264016,2021-06-26 09:37:03.000,IDR,QRIS,API,c54e8785-b8af-4606-a1d9-5d4f080052da,63495a6a-779a-45dd-b392-011cde3c525e,49812148-0080-4395-a0aa-c4087e6edd65,COMPLETED,2021-06-26 09:37:05.448,2021-06-28 09:37:46.559,"{""id"": ""adea8aaf-db25-43c8-84c6-965bd6963b49"", ""amount"": ""25760"", ""status"": ""COMPLETED"", ""currency"": ""IDR"", ""created_at"": ""2021-06-26T09:37:04.196Z"", ""business_id"": ""60952bfa1f3cc32c89e45d37"", ""external_id"": ""501d80d9-b49a-4afc-bccc-67e487264016"", ""ewallet_type"": ""QRIS"", ""phone_number"": ""9360091800475431650"", ""qris_terminal_id"": ""ZkKUBZn8XsQ6rVd"", ""transaction_date"": ""2021-06-26T09:37:03.000Z"", ""transaction_type"": ""DIRECT"", ""merchant_callback_url"": ""https://invoice-service.tidnex.com/invoices/payment/qris""}",2021-06-28 09:37:03.000,,False,False,2021-06-26
412494a3-9e3e-43a1-8b91-cd8aaaf8c557,5c930c4b97ea6f172af5b060,323ee4bd-e289-4395-aa82-074d0d2b3971,35a1d09a-47bb-4e5e-a58e-17d3b67a765a,6237000.00,102910.00,9355.00,0.100,93555.00,0.015,PERCENTAGE,ovo-1624700170696,2021-06-26 09:36:52.403,IDR,OVO,API,c7ef23c2-825f-4fdf-8759-17fbfab88a48,a785a28b-8d98-4a9d-9a9a-455e05ab122b,c5ba53c9-eea6-4bdd-a7b4-f359fe2a61f3,COMPLETED,2021-06-26 09:36:53.788,2021-06-28 09:37:46.620,"{""id"": ""323ee4bd-e289-4395-aa82-074d0d2b3971"", ""amount"": ""6237000"", ""basket"": null, ""status"": ""COMPLETED"", ""currency"": ""IDR"", ""metadata"": null, ""voided_at"": null, ""created_at"": ""2021-06-26T09:36:11.645Z"", ""updated_at"": ""2021-06-26T09:36:52.427Z"", ""business_id"": ""5c930c4b97ea6f172af5b060"", ""customer_id"": null, ""external_id"": ""ovo-1624700170696"", ""callback_url"": ""https://aido-v3-prod.aido.id/Xendit/Payment/Confirm"", ""connector_id"": ""35a1d09a-47bb-4e5e-a58e-17d3b67a765a"", ""ewallet_type"": ""OVO"", ""failure_code"": null, ""replicated_to_v2"": false, ""transaction_date"": ""2021-06-26T09:36:52.403Z"", ""transaction_type"": ""API"", ""account_information"": ""0811995178"", ""ewallet_api_version"": ""ewallet-v1""}",2021-06-28 09:36:52.403,,False,False,2021-06-26
f493d81e-6010-427f-9059-54d880d01a47,605044c8d0ecec40639d3b36,4479da6c-8c3c-448f-839f-b76b0ba621f7,Mor0tWrsi6uWGg8,65000.00,454.00,41.00,0.100,413.00,0.006,PERCENTAGE,244b5d69-c87b-487a-9e66-8a0aee2bd852,2021-06-26 09:37:20.000,IDR,QRIS,API,13c33370-4450-4865-98c9-e3ab61b5e448,96124373-6abe-4c2b-815e-e1528636478d,940efec3-cee7-4b0a-8a10-678ef0131641,COMPLETED,2021-06-26 09:37:11.405,2021-06-28 09:37:47.099,"{""id"": ""4479da6c-8c3c-448f-839f-b76b0ba621f7"", ""amount"": ""65000"", ""status"": ""COMPLETED"", ""currency"": ""IDR"", ""created_at"": ""2021-06-26T09:37:10.170Z"", ""business_id"": ""605044c8d0ecec40639d3b36"", ""external_id"": ""244b5d69-c87b-487a-9e66-8a0aee2bd852"", ""ewallet_type"": ""QRIS"", ""phone_number"": ""9360091800475423035"", ""qris_terminal_id"": ""Mor0tWrsi6uWGg8"", ""transaction_date"": ""2021-06-26T09:37:20.000Z"", ""transaction_type"": ""DIRECT"", ""merchant_callback_url"": ""https://invoice-service.tidnex.com/invoices/payment/qris""}",2021-06-28 09:37:20.000,,False,False,2021-06-26
22369871-355d-404e-aeae-616cc2574fce,5f4e1c980ef5b44adfd7150d,19901693-1f38-4109-9922-d0f979c1ae87,c757bbbb-767b-46d4-9c66-924760c3dfef,22000.00,363.00,33.00,0.100,330.00,0.015,PERCENTAGE,UA2EM-LSJKHXKCRA-1624700209636,2021-06-26 09:37:11.689,IDR,OVO,API,cbe260ac-554f-40dc-9f9a-3efe60783156,18f58cf6-6de2-4be4-9301-7e9b9364015b,4975ca85-dcea-4f65-b2f2-6e2c5c94caa7,COMPLETED,2021-06-26 09:37:12.946,2021-06-28 09:37:47.106,"{""id"": ""19901693-1f38-4109-9922-d0f979c1ae87"", ""amount"": ""22000"", ""basket"": null, ""status"": ""COMPLETED"", ""currency"": ""IDR"", ""metadata"": {""transaction_type"": ""userapp_shipment""}, ""voided_at"": null, ""created_at"": ""2021-06-26T09:37:07.662Z"", ""updated_at"": ""2021-06-26T09:37:11.718Z"", ""business_id"": ""5f4e1c980ef5b44adfd7150d"", ""customer_id"": null, ""external_id"": ""UA2EM-LSJKHXKCRA-1624700209636"", ""callback_url"": ""https://api.paxel.co/apg/api/v1/payment/xendit/notification"", ""connector_id"": ""c757bbbb-767b-46d4-9c66-924760c3dfef"", ""ewallet_type"": ""OVO"", ""failure_code"": null, ""replicated_to_v2"": false, ""transaction_date"": ""2021-06-26T09:37:11.689Z"", ""transaction_type"": ""API"", ""account_information"": ""081383225230"", ""ewallet_api_version"": ""ewallet-v2""}",2021-06-28 09:37:11.689,,False,False,2021-06-26
a53fe654-b553-4b90-85db-9f604d317f7b,5e7dc4e8b934e81bf655ace5,0288680a-5d08-40f0-a6c5-e06f022b57cb,f092760a-b08d-44ae-b088-f6dedd42c1ae,15000.00,247.00,22.00,0.100,225.00,0.015,PERCENTAGE,20210626173623129220180660000,2021-06-26 09:37:11.956,IDR,LINKAJA,API,ade305a8-35d4-4457-a180-9bc0c376c917,23fda711-e2e1-412b-a8b2-746e92e0a295,0e4d489d-0214-4b99-92cb-da537846fea4,COMPLETED,2021-06-26 09:37:14.193,2021-06-28 09:37:47.194,"{""id"": ""0288680a-5d08-40f0-a6c5-e06f022b57cb"", ""items"": [{""id"": ""HagoDiamond"", ""name"": ""Hago钻石"", ""price"": 15000, ""quantity"": 53}], ""amount"": ""15000"", ""msisdn"": ""081290659616"", ""status"": ""SUCCESS_COMPLETED"", ""trx_id"": ""f092760a-b08d-44ae-b088-f6dedd42c1ae"", ""ref_num"": ""hago210626163624534471"", ""currency"": ""IDR"", ""created_at"": ""2021-06-26T09:37:11.956Z"", ""updated_at"": ""2021-06-26T09:37:11.956Z"", ""business_id"": ""5e7dc4e8b934e81bf655ace5"", ""external_id"": ""20210626173623129220180660000"", ""merchant_id"": ""26c247b3-41fe-4e3b-a96c-6cdb7cb3d633"", ""ewallet_type"": ""LINKAJA"", ""request_type"": ""DIRECT"", ""checkout_token"": {""id"": ""1d3dde0a-1e73-4963-944d-37fa616821a0"", ""items"": [{""id"": ""HagoDiamond"", ""name"": ""Hago钻石"", ""price"": 15000, ""quantity"": 53}], ""amount"": ""15000"", ""basket"": null, ""msisdn"": ""081290659616"", ""status"": ""PENDING"", ""trx_id"": ""f092760a-b08d-44ae-b088-f6dedd42c1ae"", ""ref_num"": ""hago210626163624534471"", ""metadata"": null, ""created_at"": ""2021-06-26T09:36:24.730Z"", ""updated_at"": ""2021-06-26T09:36:24.730Z"", ""business_id"": ""5e7dc4e8b934e81bf655ace5"", ""customer_id"": null, ""external_id"": ""20210626173623129220180660000"", ""merchant_id"": ""26c247b3-41fe-4e3b-a96c-6cdb7cb3d633"", ""failure_code"": null, ""request_type"": ""DIRECT"", ""ewallet_api_version"": ""ewallet-v1"", ""merchant_callback_url"": ""https://yajiada-portal-xpay.joyyinc.com/ntf/Xendit/Wallet"", ""merchant_redirect_url"": ""https://yajiada-portal-xpay.joyyinc.com/rt/Xendit/Wallet?orderId=20210626173623129220180660000""}, ""receipt_number"": ""8FQ3KFSEUL"", ""callback_sent_at"": ""2021-06-26T09:37:11.953Z"", ""transaction_type"": ""DIRECT"", ""checkout_token_id"": ""1d3dde0a-1e73-4963-944d-37fa616821a0"", ""retry_callback_total"": ""0"", ""merchant_callback_url"": ""https://yajiada-portal-xpay.joyyinc.com/ntf/Xendit/Wallet"", ""merchant_redirect_url"": ""https://yajiada-portal-xpay.joyyinc.com/rt/Xendit/Wallet?orderId=20210626173623129220180660000"", ""last_retry_callback_at"": null}",2021-06-28 09:37:11.956,,False,False,2021-06-26
c62ae604-d432-4c39-964e-50cfb2f4b025,60cffa7197de014f7906c64c,180e58ad-802d-40fa-a964-a3cb49256ae8,bZ4uP3qSnPE2Irn,800000.00,5596.00,508.00,0.100,5088.00,0.006,PERCENTAGE,99150fde-795f-48c8-8c8c-e9edc5e6ff15,2021-06-26 09:37:18.000,IDR,QRIS,API,738390f9-cd21-4ba6-abc4-ac583cc2e2cc,163b8a60-d9ae-4a1e-a702-4f483b177c7c,ece41870-4c05-42ae-ab86-b9678e4b5292,COMPLETED,2021-06-26 09:37:20.168,2021-06-28 09:37:47.211,"{""id"": ""180e58ad-802d-40fa-a964-a3cb49256ae8"", ""amount"": ""800000"", ""status"": ""COMPLETED"", ""currency"": ""IDR"", ""created_at"": ""2021-06-26T09:37:18.931Z"", ""business_id"": ""60cffa7197de014f7906c64c"", ""external_id"": ""99150fde-795f-48c8-8c8c-e9edc5e6ff15"", ""ewallet_type"": ""QRIS"", ""phone_number"": ""9360011030003515437"", ""qris_terminal_id"": ""bZ4uP3qSnPE2Irn"", ""transaction_date"": ""2021-06-26T09:37:18.000Z"", ""transaction_type"": ""DIRECT"", ""merchant_callback_url"": ""https://invoice-service.tidnex.com/invoices/payment/qris""}",2021-06-28 09:37:18.000,,False,False,2021-06-26
8bd4c141-3751-4e24-8833-d4e4aee77d4d,60d17f8861f75440c255cacf,dcb2f1fc-c53b-46c4-b9b2-f03b83f92009,nUwf1AD74UPbRJR,20154.00,140.00,12.00,0.100,128.00,0.006,PERCENTAGE,apstore.id.673186,2021-06-26 09:37:16.000,IDR,QRIS,API,4de9563f-c213-4d8d-9d7b-05ddc17f1d43,47b1ad3c-4def-40ef-aa98-cd8d5e61e49f,04527f30-c4b3-45dd-aa5c-8f3fc9cebd03,COMPLETED,2021-06-26 09:37:07.214,2021-06-28 09:37:47.240,"{""id"": ""dcb2f1fc-c53b-46c4-b9b2-f03b83f92009"", ""amount"": ""20154"", ""status"": ""COMPLETED"", ""currency"": ""IDR"", ""created_at"": ""2021-06-26T09:37:05.877Z"", ""business_id"": ""60d17f8861f75440c255cacf"", ""external_id"": ""apstore.id.673186"", ""ewallet_type"": ""QRIS"", ""phone_number"": ""9360091400002438950"", ""qris_terminal_id"": ""nUwf1AD74UPbRJR"", ""transaction_date"": ""2021-06-26T09:37:16.000Z"", ""transaction_type"": ""DIRECT"", ""merchant_callback_url"": ""https://api-dev.dremonereload.com/callback/v1/xendit""}",2021-06-28 09:37:16.000,,False,False,2021-06-26
ab6dd2e7-1788-4bb9-a0a7-ef55016df0f2,5d0208061c7ccb560ded3609,70f528b5-d91e-4a8e-9ca2-d8121fc0a5e6,5121055e-67ab-4bbd-9aeb-697249fd519b,10000.00,385.00,35.00,0.100,350.00,0.035,PERCENTAGE,PCHLP2580067479835951183,2021-06-26 09:37:06.788,IDR,OVO,API,9267651f-75b1-41fc-b3b2-c854ce75c546,f62d9750-fd5d-47f3-bf43-3f702cf19fd4,59448b66-0b6e-4605-8895-4048d8110282,COMPLETED,2021-06-26 09:37:08.538,2021-06-28 09:37:47.251,"{""id"": ""70f528b5-d91e-4a8e-9ca2-d8121fc0a5e6"", ""amount"": ""10000"", ""basket"": null, ""status"": ""COMPLETED"", ""currency"": ""IDR"", ""metadata"": null, ""voided_at"": null, ""created_at"": ""2021-06-26T09:36:52.497Z"", ""updated_at"": ""2021-06-26T09:37:06.824Z"", ""business_id"": ""5d0208061c7ccb560ded3609"", ""customer_id"": null, ""external_id"": ""PCHLP2580067479835951183"", ""callback_url"": ""https://pay-gate.shareitpay.in/in-pay-channel/c/xendit/payment/wallet/ovo/callback"", ""connector_id"": ""5121055e-67ab-4bbd-9aeb-697249fd519b"", ""ewallet_type"": ""OVO"", ""failure_code"": null, ""replicated_to_v2"": false, ""transaction_date"": ""2021-06-26T09:37:06.788Z"", ""transaction_type"": ""API"", ""account_information"": ""085366409111"", ""ewallet_api_version"": ""ewallet-v1""}",2021-06-28 09:37:06.788,,False,False,2021-06-26
